pclass,female,male,Total
1,106.12579787234043,67.22612704918032,84.1546875
2,21.97012105263158,19.74178240740741,20.662183152173913
3,16.118809722222224,12.661632564841499,13.675550101832993
Total,44.47981783439491,25.52389341421144,32.204207968574636
